-- ===================================================================
-- 统一数据脚本 - 包含东南大学真实数据 + 中科院数据
-- 执行前请先执行 schema.sql 创建表结构
-- ===================================================================

-- ===================================================================
-- 1. 基础字典数据
-- ===================================================================

-- 域字典
INSERT INTO grad_domain(code, name) VALUES ('CS','计算机'),('LIT','文学')
ON DUPLICATE KEY UPDATE name=VALUES(name);

-- 专业关键字映射
INSERT INTO grad_major_domain_map(domain_code, keyword) VALUES
  ('CS','计算机'),('CS','软件'),('CS','人工智能'),('CS','软件工程'),('CS','cs'),
  ('LIT','汉语言'),('LIT','中文'),('LIT','文学');

-- 方向域映射
INSERT INTO grad_direction_domain_map(direction_id, domain_code) VALUES (101,'CS')
ON DUPLICATE KEY UPDATE domain_code=VALUES(domain_code);

-- ===================================================================
-- 2. 高考模拟填报模块 - 东南大学数据
-- ===================================================================

-- 东南大学基本信息
INSERT INTO university (id, name, city, tier) VALUES
(1, '东南大学', '南京', '985');

-- 主要专业
INSERT INTO major (id, name, category) VALUES
(1, '建筑学', '工学'),
(2, '机械工程', '工学'),
(3, '能源与动力工程', '工学'),
(4, '通信工程', '工学'),
(5, '土木工程', '工学'),
(6, '电子科学与技术', '工学'),
(7, '数学与应用数学', '理学'),
(8, '自动化', '工学'),
(9, '计算机科学与技术', '工学'),
(10, '软件工程', '工学'),
(11, '网络空间安全', '工学'),
(12, '物理学', '理学'),
(13, '生物医学工程', '工学'),
(14, '材料科学与工程', '工学'),
(15, '汉语言文学', '文学'),
(16, '工商管理', '管理学'),
(17, '电气工程及其自动化', '工学'),
(18, '化学工程与工艺', '工学'),
(19, '交通运输', '工学'),
(20, '测控技术与仪器', '工学'),
(21, '人工智能', '工学'),
(22, '微电子科学与工程', '工学'),
(23, '信息工程', '工学'),
(24, '工程管理', '管理学'),
(25, '法学', '法学'),
(26, '英语', '文学'),
(27, '临床医学', '医学'),
(28, '预防医学', '医学'),
(29, '艺术设计学', '艺术学'),
(30, '工业设计', '工学');

-- 2024年招生计划（江苏省）
INSERT INTO university_major_plan (university_id, major_id, province, subject_type, batch, tuition, `year`, plan_count) VALUES
-- 物理类专业
(1, 1, '江苏', '物理', '本科批', 6800, 2024, 45),
(1, 2, '江苏', '物理', '本科批', 6200, 2024, 80),
(1, 3, '江苏', '物理', '本科批', 6200, 2024, 60),
(1, 4, '江苏', '物理', '本科批', 6200, 2024, 70),
(1, 5, '江苏', '物理', '本科批', 6200, 2024, 120),
(1, 6, '江苏', '物理', '本科批', 6200, 2024, 50),
(1, 7, '江苏', '物理', '本科批', 5800, 2024, 40),
(1, 8, '江苏', '物理', '本科批', 6200, 2024, 90),
(1, 9, '江苏', '物理', '本科批', 6800, 2024, 85),
(1, 10, '江苏', '物理', '本科批', 6800, 2024, 75),
(1, 11, '江苏', '物理', '本科批', 6800, 2024, 35),
(1, 12, '江苏', '物理', '本科批', 5800, 2024, 30),
(1, 13, '江苏', '物理', '本科批', 6800, 2024, 40),
(1, 14, '江苏', '物理', '本科批', 6200, 2024, 60),
(1, 17, '江苏', '物理', '本科批', 6200, 2024, 100),
(1, 18, '江苏', '物理', '本科批', 6200, 2024, 50),
(1, 19, '江苏', '物理', '本科批', 6200, 2024, 55),
(1, 20, '江苏', '物理', '本科批', 6200, 2024, 45),
(1, 21, '江苏', '物理', '本科批', 6800, 2024, 50),
(1, 22, '江苏', '物理', '本科批', 6800, 2024, 40),
(1, 23, '江苏', '物理', '本科批', 6200, 2024, 45),
(1, 27, '江苏', '物理', '本科批', 8000, 2024, 25),
(1, 28, '江苏', '物理', '本科批', 7000, 2024, 15),
(1, 30, '江苏', '物理', '本科批', 6800, 2024, 30),
-- 历史类专业
(1, 15, '江苏', '历史', '本科批', 5800, 2024, 25),
(1, 16, '江苏', '历史', '本科批', 6000, 2024, 35),
(1, 24, '江苏', '历史', '本科批', 6000, 2024, 30),
(1, 25, '江苏', '历史', '本科批', 6200, 2024, 20),
(1, 26, '江苏', '历史', '本科批', 5800, 2024, 15),
(1, 29, '江苏', '历史', '本科批', 7500, 2024, 20);

-- 2024年录取统计数据
INSERT INTO university_major_stat (university_id, major_id, province, subject_type, `year`, min_score, min_rank) VALUES
-- 物理类
(1, 1, '江苏', '物理', 2024, 625, 2800),
(1, 2, '江苏', '物理', 2024, 610, 4200),
(1, 3, '江苏', '物理', 2024, 608, 4500),
(1, 4, '江苏', '物理', 2024, 615, 3600),
(1, 5, '江苏', '物理', 2024, 612, 3900),
(1, 6, '江苏', '物理', 2024, 618, 3200),
(1, 7, '江苏', '物理', 2024, 605, 5000),
(1, 8, '江苏', '物理', 2024, 614, 3700),
(1, 9, '江苏', '物理', 2024, 628, 2500),
(1, 10, '江苏', '物理', 2024, 625, 2800),
(1, 11, '江苏', '物理', 2024, 622, 3000),
(1, 12, '江苏', '物理', 2024, 602, 5500),
(1, 13, '江苏', '物理', 2024, 620, 3100),
(1, 14, '江苏', '物理', 2024, 608, 4500),
(1, 17, '江苏', '物理', 2024, 616, 3500),
(1, 18, '江苏', '物理', 2024, 606, 4800),
(1, 19, '江苏', '物理', 2024, 615, 3600),
(1, 20, '江苏', '物理', 2024, 610, 4200),
(1, 21, '江苏', '物理', 2024, 630, 2200),
(1, 22, '江苏', '物理', 2024, 620, 3100),
(1, 23, '江苏', '物理', 2024, 612, 3900),
(1, 27, '江苏', '物理', 2024, 635, 1800),
(1, 28, '江苏', '物理', 2024, 618, 3200),
(1, 30, '江苏', '物理', 2024, 615, 3600),
-- 历史类
(1, 15, '江苏', '历史', 2024, 590, 3200),
(1, 16, '江苏', '历史', 2024, 595, 2800),
(1, 24, '江苏', '历史', 2024, 592, 3000),
(1, 25, '江苏', '历史', 2024, 598, 2500),
(1, 26, '江苏', '历史', 2024, 588, 3500),
(1, 29, '江苏', '历史', 2024, 585, 3800);

-- 2023年数据（趋势分析）
INSERT INTO university_major_plan (university_id, major_id, province, subject_type, batch, tuition, `year`, plan_count) VALUES
(1, 1, '江苏', '物理', '本科批', 6500, 2023, 42),
(1, 2, '江苏', '物理', '本科批', 6000, 2023, 75),
(1, 5, '江苏', '物理', '本科批', 6000, 2023, 115),
(1, 9, '江苏', '物理', '本科批', 6500, 2023, 80),
(1, 10, '江苏', '物理', '本科批', 6500, 2023, 70),
(1, 17, '江苏', '物理', '本科批', 6000, 2023, 95),
(1, 21, '江苏', '物理', '本科批', 6500, 2023, 45),
(1, 15, '江苏', '历史', '本科批', 5600, 2023, 22),
(1, 16, '江苏', '历史', '本科批', 5800, 2023, 32);

INSERT INTO university_major_stat (university_id, major_id, province, subject_type, `year`, min_score, min_rank) VALUES
(1, 1, '江苏', '物理', 2023, 620, 3000),
(1, 2, '江苏', '物理', 2023, 605, 4500),
(1, 5, '江苏', '物理', 2023, 607, 4200),
(1, 9, '江苏', '物理', 2023, 623, 2700),
(1, 10, '江苏', '物理', 2023, 620, 3000),
(1, 17, '江苏', '物理', 2023, 611, 3800),
(1, 21, '江苏', '物理', 2023, 625, 2400),
(1, 15, '江苏', '历史', 2023, 585, 3500),
(1, 16, '江苏', '历史', 2023, 590, 3100);

-- 分数排名映射表
INSERT INTO rank_mapping (province, subject_type, `year`, score, rank_value) VALUES
('江苏', '物理', 2024, 640, 1500),
('江苏', '物理', 2024, 635, 1800),
('江苏', '物理', 2024, 630, 2200),
('江苏', '物理', 2024, 625, 2800),
('江苏', '物理', 2024, 620, 3100),
('江苏', '物理', 2024, 615, 3600),
('江苏', '物理', 2024, 610, 4200),
('江苏', '物理', 2024, 605, 5000),
('江苏', '物理', 2024, 600, 5800),
('江苏', '物理', 2024, 595, 6800),
('江苏', '物理', 2024, 590, 8000),
('江苏', '历史', 2024, 610, 2000),
('江苏', '历史', 2024, 605, 2200),
('江苏', '历史', 2024, 600, 2400),
('江苏', '历史', 2024, 595, 2800),
('江苏', '历史', 2024, 590, 3200),
('江苏', '历史', 2024, 585, 3800),
('江苏', '历史', 2024, 580, 4500),
('江苏', '历史', 2024, 575, 5200),
('江苏', '历史', 2024, 570, 6000);

-- 分数段映射表
INSERT INTO rank_band (province, subject_type, `year`, score_min, score_max, rank_min, rank_max) VALUES
('江苏', '物理', 2024, 635, 645, 1200, 2000),
('江苏', '物理', 2024, 625, 634, 2200, 3000),
('江苏', '物理', 2024, 615, 624, 3000, 4000),
('江苏', '物理', 2024, 605, 614, 4000, 5500),
('江苏', '物理', 2024, 595, 604, 5500, 7500),
('江苏', '物理', 2024, 585, 594, 7500, 10000),
('江苏', '物理', 2024, 540, 549, 13000, 16000),
('江苏', '物理', 2024, 530, 539, 16000, 20000),
('江苏', '物理', 2024, 520, 529, 20000, 25000),
('江苏', '历史', 2024, 600, 615, 1800, 2500),
('江苏', '历史', 2024, 590, 599, 2500, 3500),
('江苏', '历史', 2024, 580, 589, 3500, 5000),
('江苏', '历史', 2024, 570, 579, 5000, 7000),
('江苏', '历史', 2024, 560, 569, 7000, 9500);


-- ===================================================================
-- 3. 学校信息模块 - 东南大学数据
-- ===================================================================

INSERT INTO sch_university(id, name, alias, level, province, city, website, brief, founded_year) VALUES 
(1, '东南大学', 'SEU', '985,211,双一流', '江苏', '南京', 'https://www.seu.edu.cn', 
'东南大学坐落于六朝古都南京，是享誉海内外的著名高等学府。学校是国家教育部直属并与江苏省共建的全国重点大学，是国家"985工程"和"211工程"重点建设大学之一。', 1902);

-- 院系
INSERT INTO sch_department(id, university_id, name, brief) VALUES
(1, 1, '建筑学院', '国内建筑学科的重要基地'),
(2, 1, '机械工程学院', '机械工程领域的知名学院'),
(3, 1, '能源与环境学院', '能源与环境工程专业学院'),
(4, 1, '信息科学与工程学院', '信息通信技术核心学院'),
(5, 1, '土木工程学院', '土木工程学科优势学院'),
(6, 1, '电子科学与工程学院', '电子科学技术专业学院'),
(7, 1, '数学学院', '数学基础学科学院'),
(8, 1, '自动化学院', '自动化控制专业学院'),
(9, 1, '计算机科学与工程学院', '计算机科学技术核心学院'),
(10, 1, '物理学院', '物理基础学科学院'),
(11, 1, '生物科学与医学工程学院', '生物医学工程交叉学院'),
(12, 1, '材料科学与工程学院', '材料科学专业学院'),
(13, 1, '人文学院', '人文社科综合学院'),
(14, 1, '经济管理学院', '经济管理专业学院'),
(15, 1, '电气工程学院', '电气工程专业学院'),
(16, 1, '外国语学院', '外语教学专业学院'),
(17, 1, '化学化工学院', '化学化工专业学院'),
(18, 1, '交通学院', '交通运输专业学院'),
(19, 1, '仪器科学与工程学院', '仪器科学专业学院'),
(20, 1, '艺术学院', '艺术设计专业学院'),
(21, 1, '法学院', '法学专业学院'),
(22, 1, '医学院', '医学专业学院'),
(23, 1, '软件学院', '软件工程专业学院'),
(24, 1, '微电子学院', '微电子技术专业学院'),
(25, 1, '网络空间安全学院', '网络安全专业学院'),
(26, 1, '人工智能学院', '人工智能专业学院');

-- 学科分类
INSERT INTO sch_discipline(id, name, field, parent_id) VALUES
(1, '建筑学', '工学', NULL),
(2, '机械工程', '工学', NULL),
(3, '动力工程及工程热物理', '工学', NULL),
(4, '信息与通信工程', '工学', NULL),
(5, '土木工程', '工学', NULL),
(6, '电子科学与技术', '工学', NULL),
(7, '数学', '理学', NULL),
(8, '控制科学与工程', '工学', NULL),
(9, '计算机科学与技术', '工学', NULL),
(10, '软件工程', '工学', 9),
(11, '网络空间安全', '工学', 9),
(12, '物理学', '理学', NULL),
(13, '生物医学工程', '工学', NULL),
(14, '材料科学与工程', '工学', NULL),
(15, '中国语言文学', '文学', NULL),
(16, '管理科学与工程', '管理学', NULL),
(17, '电气工程', '工学', NULL),
(18, '化学工程与技术', '工学', NULL),
(19, '交通运输工程', '工学', NULL),
(20, '仪器科学与技术', '工学', NULL);

-- 学科实力
INSERT INTO sch_univ_discipline_strength(university_id, discipline_id, rank_grade, rank_value, source, `year`, note) VALUES
(1, 1, 'A+', 1, '第四轮学科评估', 2017, '建筑学全国第一'),
(1, 5, 'A+', 1, '第四轮学科评估', 2017, '土木工程全国第一'),
(1, 19, 'A+', 1, '第四轮学科评估', 2017, '交通运输工程全国第一'),
(1, 13, 'A+', 1, '第四轮学科评估', 2017, '生物医学工程全国第一'),
(1, 17, 'A+', 1, '第四轮学科评估', 2017, '电气工程全国第一'),
(1, 6, 'A', 2, '第四轮学科评估', 2017, '电子科学与技术'),
(1, 4, 'A', 2, '第四轮学科评估', 2017, '信息与通信工程'),
(1, 8, 'A', 2, '第四轮学科评估', 2017, '控制科学与工程'),
(1, 9, 'A-', 3, '第四轮学科评估', 2017, '计算机科学与技术'),
(1, 2, 'A-', 3, '第四轮学科评估', 2017, '机械工程');

-- 专业
INSERT INTO sch_major(id, name, degree, discipline_id, code, brief) VALUES
(1, '建筑学', '本科', 1, '082801', '五年制建筑学专业'),
(2, '机械工程', '本科', 2, '080201', '机械工程专业'),
(3, '能源与动力工程', '本科', 3, '080501', '能源动力专业'),
(4, '通信工程', '本科', 4, '080703', '通信工程专业'),
(5, '土木工程', '本科', 5, '081001', '土木工程专业'),
(6, '电子科学与技术', '本科', 6, '080702', '电子科学技术专业'),
(7, '数学与应用数学', '本科', 7, '070101', '数学专业'),
(8, '自动化', '本科', 8, '080801', '自动化专业'),
(9, '计算机科学与技术', '本科', 9, '080901', '计算机科学技术专业'),
(10, '软件工程', '本科', 10, '080902', '软件工程专业'),
(11, '网络空间安全', '本科', 11, '080911TK', '网络安全专业');

-- 专业与院系映射
INSERT INTO sch_univ_major(university_id, major_id, department_id, feature_tag, note) VALUES
(1, 1, 1, '国家特色专业', '建筑学五年制'),
(1, 2, 2, '国家特色专业', '机械工程'),
(1, 3, 3, '国家特色专业', '能源动力'),
(1, 4, 4, '国家特色专业', '通信工程'),
(1, 5, 5, '国家特色专业', '土木工程'),
(1, 6, 6, '国家特色专业', '电子科学'),
(1, 7, 7, '基础学科', '数学'),
(1, 8, 8, '国家特色专业', '自动化'),
(1, 9, 9, '国家特色专业', '计算机科学'),
(1, 10, 23, '国家特色专业', '软件工程'),
(1, 11, 25, '新兴专业', '网络安全');

-- 学校标签
INSERT INTO sch_tag(id, name, type) VALUES
(1, '985工程', 'school'),
(2, '211工程', 'school'),
(3, '双一流A类', 'school'),
(4, '工科强校', 'school'),
(5, '建筑名校', 'school'),
(6, '百年名校', 'school');

INSERT INTO sch_tag_map(tag_id, target_type, target_id) VALUES
(1, 'school', 1),
(2, 'school', 1),
(3, 'school', 1),
(4, 'school', 1),
(5, 'school', 1),
(6, 'school', 1);

-- 招生简章
INSERT INTO sch_admission_brochure(id, university_id, degree, `year`, title, content_md, link) VALUES
(1, 1, '本科', 2024, '东南大学2024年本科招生章程', NULL, 'https://zsb.seu.edu.cn/'),
(2, 1, '硕士', 2024, '东南大学2024年硕士研究生招生简章', NULL, 'https://yzb.seu.edu.cn/'),
(3, 1, '博士', 2024, '东南大学2024年博士研究生招生简章', NULL, 'https://yzb.seu.edu.cn/');


-- ===================================================================
-- 4. 研究生择导模块 - 研究方向
-- ===================================================================

INSERT INTO grad_research_direction (id, name, parent_id) VALUES
-- 计算机科学
(101, '计算机科学与技术', NULL),
(102, '人工智能', 101),
(103, '机器学习', 102),
(104, '深度学习', 102),
(105, '计算机视觉', 102),
(106, '自然语言处理', 102),
(107, '软件工程', 101),
(108, '软件体系结构', 107),
(109, '软件测试', 107),
(110, '程序分析', 107),
(111, '网络空间安全', 101),
(112, '系统安全', 111),
(113, '网络安全', 111),
(114, '密码学', 111),
(115, '数据科学', 101),
(116, '大数据处理', 115),
(117, '数据挖掘', 115),
(118, '分布式系统', 101),
(119, '云计算', 118),
(120, '边缘计算', 118),
-- 建筑学科
(201, '建筑学', NULL),
(202, '建筑设计', 201),
(203, '城市规划', 201),
(204, '建筑技术', 201),
(205, '建筑历史与理论', 201),
-- 机械工程学科
(301, '机械工程', NULL),
(302, '机械设计', 301),
(303, '制造工程', 301),
(304, '机器人技术', 301),
(305, '智能制造', 301),
(306, '流体机械', 301),
-- 电气工程学科
(401, '电气工程', NULL),
(402, '电力系统', 401),
(403, '控制工程', 401),
(404, '电子技术', 401),
(405, '电机与电器', 401),
(406, '电力电子', 401),
-- 土木工程学科
(501, '土木工程', NULL),
(502, '结构工程', 501),
(503, '岩土工程', 501),
(504, '交通工程', 501),
-- 生物医学工程学科
(601, '生物医学工程', NULL),
(602, '生物信息学', 601),
(603, '医学影像', 601),
(604, '生物材料', 601),
-- 材料科学与工程学科
(701, '材料科学与工程', NULL),
(702, '材料物理', 701),
(703, '材料化学', 701),
(704, '纳米材料', 701),
(705, '功能材料', 701),
-- 经济管理学科
(801, '工商管理', NULL),
(802, '管理科学', 801),
(803, '金融学', 801),
(804, '会计学', 801),
(805, '市场营销', 801),
-- 法学学科
(901, '法学', NULL),
(902, '民商法', 901),
(903, '国际法', 901),
(904, '经济法', 901),
(905, '知识产权法', 901);

-- ===================================================================
-- 5. 研究生择导模块 - 东南大学院系和导师
-- ===================================================================

-- 东南大学院系
INSERT INTO grad_department (id, university_id, name) VALUES
(1, 1, '计算机科学与工程学院'),
(2, 1, '软件学院'),
(3, 1, '网络空间安全学院'),
(4, 1, '人工智能学院'),
(5, 1, '建筑学院'),
(6, 1, '机械工程学院'),
(7, 1, '电气工程学院'),
(8, 1, '土木工程学院'),
(9, 1, '生物科学与医学工程学院'),
(10, 1, '材料科学与工程学院'),
(11, 1, '经济管理学院'),
(12, 1, '法学院');

-- 东南大学导师
INSERT INTO grad_mentor (id, university_id, department_id, name, title, email, homepage, brief) VALUES
-- 计算机科学与工程学院
(1, 1, 1, '张伟', '教授', 'zhangwei@seu.edu.cn', 'https://cse.seu.edu.cn/zhangwei', '研究方向：人工智能、机器学习，专注于深度学习理论与应用'),
(2, 1, 1, '李明', '教授', 'liming@seu.edu.cn', 'https://cse.seu.edu.cn/liming', '研究方向：计算机视觉、模式识别，在图像处理领域有重要贡献'),
(3, 1, 1, '王强', '副教授', 'wangqiang@seu.edu.cn', 'https://cse.seu.edu.cn/wangqiang', '研究方向：自然语言处理、知识图谱，关注多模态理解'),
(4, 1, 1, '刘静', '教授', 'liujing@seu.edu.cn', 'https://cse.seu.edu.cn/liujing', '研究方向：分布式系统、云计算，在系统架构方面经验丰富'),
(5, 1, 1, '陈磊', '副教授', 'chenlei@seu.edu.cn', 'https://cse.seu.edu.cn/chenlei', '研究方向：数据科学、大数据处理，专注于数据挖掘算法'),
-- 软件学院
(6, 1, 2, '赵敏', '教授', 'zhaomin@seu.edu.cn', 'https://cose.seu.edu.cn/zhaomin', '研究方向：软件工程、软件体系结构，在软件质量保证方面有深入研究'),
(7, 1, 2, '孙华', '副教授', 'sunhua@seu.edu.cn', 'https://cose.seu.edu.cn/sunhua', '研究方向：软件测试、程序分析，关注自动化测试技术'),
(8, 1, 2, '周杰', '教授', 'zhoujie@seu.edu.cn', 'https://cose.seu.edu.cn/zhoujie', '研究方向：软件工程、敏捷开发，在软件项目管理方面经验丰富'),
-- 网络空间安全学院
(9, 1, 3, '吴刚', '教授', 'wugang@seu.edu.cn', 'https://cyber.seu.edu.cn/wugang', '研究方向：系统安全、恶意代码分析，在网络安全防护方面有重要贡献'),
(10, 1, 3, '马丽', '副教授', 'mali@seu.edu.cn', 'https://cyber.seu.edu.cn/mali', '研究方向：密码学、区块链技术，专注于密码协议设计'),
(11, 1, 3, '黄涛', '教授', 'huangtao@seu.edu.cn', 'https://cyber.seu.edu.cn/huangtao', '研究方向：网络安全、入侵检测，在安全态势感知方面有深入研究'),
-- 人工智能学院
(12, 1, 4, '林峰', '教授', 'linfeng@seu.edu.cn', 'https://ai.seu.edu.cn/linfeng', '研究方向：深度学习、神经网络，在AI算法优化方面有重要贡献'),
(13, 1, 4, '郑雪', '副教授', 'zhengxue@seu.edu.cn', 'https://ai.seu.edu.cn/zhengxue', '研究方向：机器学习、数据挖掘，专注于智能推荐系统'),
(14, 1, 4, '何军', '教授', 'hejun@seu.edu.cn', 'https://ai.seu.edu.cn/hejun', '研究方向：计算机视觉、智能机器人，在视觉SLAM方面有深入研究');

-- 导师研究方向映射
INSERT INTO grad_mentor_direction (mentor_id, direction_id) VALUES
(1, 102), (1, 103), (1, 104),
(2, 105),
(3, 106),
(4, 118), (4, 119),
(5, 115), (5, 116), (5, 117),
(6, 107), (6, 108),
(7, 109), (7, 110),
(8, 107),
(9, 112),
(10, 114),
(11, 113),
(12, 104),
(13, 103), (13, 117),
(14, 105);

-- 导师招生名额（2025年）
INSERT INTO grad_mentor_quota (mentor_id, `year`, total_slots, filled_slots, notes) VALUES
(1, 2025, 4, 0, '欢迎有数学基础和编程能力的同学'),
(2, 2025, 3, 0, '需要有图像处理相关经验'),
(3, 2025, 2, 0, '对NLP和深度学习感兴趣的同学'),
(4, 2025, 3, 0, '有分布式系统开发经验者优先'),
(5, 2025, 2, 0, '数学基础扎实，对数据分析感兴趣'),
(6, 2025, 3, 0, '有软件开发项目经验'),
(7, 2025, 2, 0, '对软件质量和测试技术感兴趣'),
(8, 2025, 2, 0, '有团队协作和项目管理经验'),
(9, 2025, 3, 0, '对系统安全和逆向工程感兴趣'),
(10, 2025, 2, 0, '数学基础好，对密码学理论感兴趣'),
(11, 2025, 2, 0, '有网络安全实践经验'),
(12, 2025, 4, 0, '深度学习理论基础扎实'),
(13, 2025, 2, 0, '有机器学习项目经验'),
(14, 2025, 3, 0, '对计算机视觉和机器人感兴趣');

-- 导师标签
INSERT INTO grad_mentor_tag (id, name) VALUES
(1, '严谨治学'),
(2, '平易近人'),
(3, '工程导向'),
(4, '理论深入'),
(5, '产业结合'),
(6, '国际合作'),
(7, '跨学科'),
(8, '创新思维');

-- 导师标签映射
INSERT INTO grad_mentor_tag_map (mentor_id, tag_id) VALUES
(1, 1), (1, 4), (1, 8),
(2, 2), (2, 3), (2, 5),
(3, 1), (3, 6), (3, 7),
(4, 3), (4, 5), (4, 8),
(5, 2), (5, 4), (5, 7),
(6, 1), (6, 3), (6, 5),
(7, 2), (7, 3), (7, 8),
(8, 2), (8, 5), (8, 6),
(9, 1), (9, 3), (9, 4),
(10, 1), (10, 4), (10, 6),
(11, 2), (11, 3), (11, 5),
(12, 4), (12, 6), (12, 8),
(13, 2), (13, 5), (13, 7),
(14, 1), (14, 3), (14, 8);

-- 导师代表性论文
INSERT INTO grad_mentor_publication (mentor_id, title, venue, `year`, link) VALUES
(1, 'Deep Learning for Multimodal Understanding', 'AAAI', 2024, 'https://example.org/paper1'),
(1, 'Attention Mechanisms in Neural Networks', 'ICML', 2023, 'https://example.org/paper2'),
(2, 'Advanced Computer Vision Techniques', 'CVPR', 2024, 'https://example.org/paper3'),
(3, 'Natural Language Processing with Transformers', 'ACL', 2024, 'https://example.org/paper5'),
(4, 'Distributed Systems Architecture', 'SOSP', 2023, 'https://example.org/paper6'),
(5, 'Big Data Analytics and Mining', 'KDD', 2024, 'https://example.org/paper7'),
(6, 'Software Architecture Patterns', 'ICSE', 2023, 'https://example.org/paper8'),
(7, 'Automated Software Testing', 'FSE', 2024, 'https://example.org/paper9'),
(9, 'System Security and Malware Analysis', 'NDSS', 2024, 'https://example.org/paper10'),
(10, 'Cryptographic Protocols and Blockchain', 'CCS', 2023, 'https://example.org/paper11'),
(12, 'Deep Neural Network Optimization', 'NeurIPS', 2024, 'https://example.org/paper12');

-- 导师要求
INSERT INTO grad_mentor_requirement (mentor_id, min_gpa, english_type, min_english, min_politics, min_english_exam, min_math, min_professional, min_total_score, notes) VALUES
(1, 3.30, 'CET6', 520, 60, 55, 90, 100, 350, '需要扎实的数学基础和编程能力'),
(2, 3.20, 'CET6', 500, 55, 50, 80, 90, 320, '需要有图像处理相关经验'),
(3, 3.10, 'CET6', 510, 55, 50, 80, 90, 320, '英语水平要求较高'),
(4, 3.20, 'CET6', 500, 55, 50, 85, 95, 330, '有分布式系统开发经验者优先'),
(5, 3.30, 'CET6', 520, 58, 52, 90, 100, 340, '数学基础扎实'),
(6, 3.00, 'CET6', 480, 55, 50, 80, 90, 320, '有软件开发项目经验'),
(7, 3.10, 'CET6', 490, 55, 50, 80, 90, 320, '对软件质量和测试技术有兴趣'),
(8, 3.00, 'CET6', 480, 55, 50, 80, 90, 320, '有团队协作和项目管理经验'),
(9, 3.20, 'CET6', 500, 58, 52, 85, 95, 340, '对系统安全感兴趣'),
(10, 3.40, 'CET6', 530, 60, 55, 95, 105, 360, '数学基础优秀'),
(11, 3.10, 'CET6', 490, 55, 50, 80, 90, 320, '有网络安全实践经验'),
(12, 3.40, 'CET6', 540, 62, 58, 100, 110, 370, '深度学习理论基础扎实'),
(13, 3.20, 'CET6', 500, 55, 50, 85, 95, 330, '有机器学习项目经验'),
(14, 3.30, 'CET6', 520, 58, 52, 90, 100, 350, '对计算机视觉和机器人技术感兴趣');


-- ===================================================================
-- 6. 研究生择导模块 - 中科院数据
-- ===================================================================

-- 中科院作为虚拟大学 (id=1000)
INSERT INTO university (id, name, city, tier) VALUES
(1000, '中国科学院大学', '北京', '双一流');

-- 中科院机构分组
INSERT INTO grad_institution_group (id, institution_code, institution_name, group_name, min_total_score, max_total_score, priority, description) VALUES
(1, 'CAS', '中国科学院', '计算技术研究所', 380, 500, 10, '中科院计算所，计算机系统结构、人工智能方向顶尖'),
(2, 'CAS', '中国科学院', '软件研究所', 360, 500, 8, '中科院软件所，软件工程、程序语言方向领先'),
(3, 'CAS', '中国科学院', '自动化研究所', 370, 500, 9, '中科院自动化所，模式识别、智能控制方向强势'),
(4, 'CAS', '中国科学院', '信息工程研究所', 350, 500, 7, '中科院信工所，网络安全、密码学方向'),
(5, 'CAS', '中国科学院', '数学与系统科学研究院', 390, 500, 11, '中科院数学院，理论计算机、数学基础方向'),
(6, 'CAS', '中国科学院', '深圳先进技术研究院', 330, 400, 5, '中科院深圳先进院，应用研究导向，分数要求相对宽松');

-- 中科院院系 (university_id=1000)
INSERT INTO grad_department (id, university_id, name) VALUES
(101, 1000, '中科院计算技术研究所'),
(102, 1000, '中科院软件研究所'),
(103, 1000, '中科院自动化研究所'),
(104, 1000, '中科院信息工程研究所');

-- 中科院导师 (university_id=1000)
INSERT INTO grad_mentor (id, university_id, department_id, name, title, email, homepage, brief) VALUES
(101, 1000, 101, '陈明', '研究员', 'chenming@ict.ac.cn', 'https://ict.ac.cn/mentor/chenming', '研究方向：计算机体系结构、高性能计算'),
(102, 1000, 101, '刘洋', '副研究员', 'liuyang@ict.ac.cn', 'https://ict.ac.cn/mentor/liuyang', '研究方向：人工智能芯片、神经网络加速'),
(103, 1000, 102, '赵芳', '研究员', 'zhaofang@iscas.ac.cn', 'https://iscas.ac.cn/mentor/zhaofang', '研究方向：程序分析、形式化验证'),
(104, 1000, 103, '孙强', '研究员', 'sunqiang@ia.ac.cn', 'https://ia.ac.cn/mentor/sunqiang', '研究方向：模式识别、计算机视觉'),
(105, 1000, 104, '周涛', '副研究员', 'zhoutao@iie.ac.cn', 'https://iie.ac.cn/mentor/zhoutao', '研究方向：网络安全、入侵检测');

-- 中科院导师研究方向
INSERT INTO grad_mentor_direction (mentor_id, direction_id) VALUES
(101, 101),
(102, 102),
(103, 107),
(104, 102),
(105, 111);

-- 中科院导师招生名额
INSERT INTO grad_mentor_quota (mentor_id, `year`, total_slots, filled_slots, notes) VALUES
(101, 2025, 4, 0, '欢迎对体系结构感兴趣的同学'),
(102, 2025, 3, 0, 'AI芯片方向，有硬件背景优先'),
(103, 2025, 2, 0, '形式化方法方向，数学基础要求高'),
(104, 2025, 3, 0, 'CV方向，有竞赛经验加分'),
(105, 2025, 2, 0, '安全方向，CTF经验优先');

-- 中科院导师要求
INSERT INTO grad_mentor_requirement (mentor_id, min_gpa, english_type, min_english, min_politics, min_english_exam, min_math, min_professional, min_total_score, notes) VALUES
(101, 3.50, 'CET6', 520, 65, 60, 100, 110, 380, '计算所要求较高，数学和专业课门槛高'),
(102, 3.30, 'CET6', 500, 60, 55, 95, 105, 370, 'AI芯片方向，数学要求高'),
(103, 3.60, 'CET6', 530, 62, 58, 105, 115, 390, '形式化方向，数学和专业课要求最高'),
(104, 3.40, 'CET6', 510, 60, 55, 90, 100, 360, 'CV方向，专业课要求较高'),
(105, 3.20, 'CET6', 490, 58, 52, 85, 95, 350, '安全方向，要求相对宽松');

-- 中科院导师与机构分组映射
INSERT INTO grad_mentor_group_map (mentor_id, group_id) VALUES
(101, 1),
(102, 1),
(103, 2),
(104, 3),
(105, 4);

-- 中科院导师标签
INSERT INTO grad_mentor_tag_map (mentor_id, tag_id) VALUES
(101, 1),
(102, 3),
(103, 1),
(104, 2),
(105, 3);

-- 中科院导师论文
INSERT INTO grad_mentor_publication (mentor_id, title, venue, `year`, link) VALUES
(101, 'High-Performance Computing Architecture Design', 'ISCA', 2024, 'https://example.org/paper4'),
(102, 'Neural Network Accelerator on FPGA', 'DAC', 2023, 'https://example.org/paper5'),
(103, 'Formal Verification of Concurrent Programs', 'PLDI', 2024, 'https://example.org/paper6'),
(104, 'Deep Learning for Object Detection', 'CVPR', 2023, 'https://example.org/paper7'),
(105, 'Intrusion Detection using Machine Learning', 'CCS', 2022, 'https://example.org/paper8');

-- ===================================================================
-- 7. 示例学生数据
-- ===================================================================

INSERT INTO grad_student_profile (
  user_id, current_university, current_major, gpa, english_score, english_type, competitions, research_exp,
  preferred_directions, region_pref, style_pref, target_tier, target_universities, target_directions_topn,
  exam_total_score, politics_score, english_exam_score, math_score, professional_score, target_institution_group_id
) VALUES (
  10001,
  '某高校',
  '软件工程',
  3.60,
  570,
  'CET6',
  '蓝桥/美赛省赛',
  '一篇省级论文，参与开源项目',
  JSON_ARRAY(102,103),
  '华东',
  '友好',
  '985',
  JSON_ARRAY(JSON_OBJECT('id',1,'name','东南大学')),
  JSON_ARRAY(
    JSON_OBJECT('directionId',102,'weight',1.0),
    JSON_OBJECT('directionId',103,'weight',0.7)
  ),
  365, 68, 62, 115, 120, NULL
);
